name,email,tel,postal,address,lat,lng
森 史博,mori1230@example.net,047-840-5398,2709953,千葉県船橋市高根台2-1-15,35.7345103,140.0304576
阿部 恵里香,abe_531@example.jp,03-9350-0316,1619031,東京都三鷹市野崎1-1-10,35.6831888,139.5599861
田川 麻喜,maki_tagawa@example.ne.jp,048-790-1711,3470355,埼玉県さいたま市桜区西堀1-5-3,35.857029,139.636781
榊原 隆二,sakakibara411@example.net,03-4234-8174,1212689,東京都練馬区氷川台3-4-401,35.751282,139.6708002
狩野 亮,kano1012@example.com,0866-68-4045,7182960,岡山県倉敷市児島唐琴2-5-7,34.4720158,133.8620981
阿部 涼,aberyou@example.org,03-6018-0355,1442730,東京都練馬区石神井町1-1-19,35.7398381,139.6109458
西山 信之,nobuyuki_nishiyama@example.net,04-3538-1412,3632213,埼玉県越谷市赤山町1-1-1009,35.8906804,139.7845501
谷 博文,hirofumitani@example.co.jp,03-0521-1708,1591889,東京都新宿区中落合2-4-15,35.721233,139.6931117
内田 浩一郎,uchida324@example.jp,03-1627-0502,1367075,東京都大田区大森北3-3-20パレロワイヤル715,35.5881497,139.717305
小柳 茂,shigerukoyanagi@example.co.jp,0143-46-1630,0848177,北海道旭川市春光台三条4-2-3,43.818785,142.3580146
小阪 絵理,kosaka_26@example.com,0225-78-7256,9868991,宮城県仙台市若林区大和町1-1-9,38.2493378,140.9066888
萬田 恵,mandamegumi@example.com,049-139-6661,3378520,埼玉県さいたま市大宮区宮町1-5-20,35.9079295,139.624792
山田 真吾,shingoyamada@example.org,0823-24-2835,7331272,広島県福山市南蔵王町4-1-7,34.4972958,133.3926488
杉原 遼,ryousugihara@example.net,096-839-0517,8679834,熊本県熊本市西区池田1-4-1106メガロコープ613,32.8094965,130.6965347
畦地 守,azechi_27@example.jp,03-9883-9662,1493982,東京都世田谷区中町3-1-5ローズコーポ611,35.6143514,139.6477997
斎藤 夏彦,saito_natsuhiko@example.net,03-4282-2400,1569331,東京都豊島区上池袋3-2-18,35.7377095,139.7192622
村澤 雅彦,masahikomurasawa@example.co.jp,0479-18-3309,2727099,千葉県浦安市富士見1-2-303,35.65277,139.8928928
高橋 和宏,takahashi_kazuhiro@example.jp,06-7963-6868,5894999,大阪府大阪市旭区高殿3-3-21プラザ714,34.7125316,135.5399557
名倉 直宏,naguranaohiro@example.com,0735-50-7274,6430186,和歌山県和歌山市砂山南4-1-5,34.2165523,135.1598308
中井 昌治,nakai123@example.jp,03-7721-8702,1099624,東京都中野区新井2-5-1004,35.7118557,139.6645011
小川 カナ,ogawa84@example.co.jp,03-6396-2008,1244426,東京都港区芝2-3-17,35.6521169,139.7535485
佐々木 幸広,yukihirosasaki@example.co.jp,03-5210-8765,1967790,東京都杉並区高円寺南3-1-22,35.6979424,139.6472019
門田 紋子,kadotaayako@example.net,0947-22-5188,8373044,福岡県福岡市中央区渡辺通3-1-6,33.5852732,130.4056409
古川 美帆,furukawa_116@example.jp,06-4769-6999,5609148,大阪府大阪市城東区関目3-1-8,34.7097461,135.5468662
浅野 美羽,asano_miu@example.co.jp,0794-43-0847,6533082,兵庫県伊丹市昆陽東1-2-3,34.7788313,135.4058717
村西 良平,ryouheimuranishi@example.org,03-5949-3537,1895341,東京都目黒区目黒2-1-4,35.6375676,139.706375
辻本 尚樹,tsujimoto_1227@example.net,03-3953-6579,1198838,東京都国分寺市西町1-4-301,35.702959,139.4345274
高尾 隆幸,takao_takayuki@example.com,047-268-6807,2875052,千葉県鎌ケ谷市南初富2-5-7プロパレス707,35.7745638,140.0083653
小櫃 秀幸,obitsu1219@example.net,03-0495-1694,1252537,東京都新宿区高田馬場2-1-9,35.7117772,139.7099569
小林 龍一,ryuuichikobayashi@example.org,0791-86-3359,6591861,兵庫県神戸市須磨区神撫町1-2-8,34.6659107,135.1300303
大場 美香,oba_513@example.org,0293-13-9244,3073641,茨城県つくば市吾妻3-3-9,36.0882566,140.1099487
高本 康孝,yasutaka_takamoto@example.org,0563-97-2966,4880230,愛知県名古屋市中区栄1-5-808,35.1661512,136.8947612
吉田 哲正,yoshida_626@example.jp,01392-3-1787,0938047,北海道札幌市中央区大通東2-2-4,43.0615164,141.3591509
伊藤 藍子,aikoito@example.co.jp,049-408-5522,3319038,埼玉県草加市旭町3-2-7,35.8531244,139.7989815
永井 智志,nagai111@example.com,0495-59-3177,3414288,埼玉県志木市幸町2-3-21,35.8249161,139.5679456
石井 譲,ishii_yuzuru@example.net,03-2181-9862,1004973,東京都世田谷区上馬1-3-12,35.6357445,139.6672861
中田 将夫,nakatamasao@example.jp,0299-30-4700,3026153,茨城県牛久市中央1-1-8,35.983597,140.1453031
坂 直也,saka63@example.co.jp,0550-73-1753,4229913,静岡県浜松市北区新都田2-3-109,34.8154102,137.7342488
井口 恵,iguchimegumi@example.jp,0585-54-7902,5021507,岐阜県多治見市住吉町3-3-6,35.3455923,137.1216047
高橋 忠彦,takahashi831@example.com,03-5618-1119,1852572,東京都渋谷区恵比寿3-5-17,35.6448298,139.718524
小野田 桂子,onodakeiko@example.com,0493-51-3787,3674189,埼玉県さいたま市南区文蔵3-2-3,35.8416012,139.674887
中村 大輔,nakamuradaisuke@example.net,03-4938-3557,1989391,東京都港区六本木3-2-22,35.6641286,139.7380593
和知 貴弘,takahirowachi@example.ne.jp,06-8957-4836,5546098,大阪府大阪市天王寺区大道1-2-7,34.6515169,135.517591
川田 大樹,kawata131@example.net,06-9111-7368,5484571,大阪府大阪市淀川区西中島2-2-305レスタージュ601,34.7239598,135.4949805
吉田 良彦,yoshida_522@example.jp,03-6155-9589,1707758,東京都中野区東中野3-2-4,35.7064647,139.6810676
阿部 宗一郎,abe928@example.jp,0574-37-3651,5021792,岐阜県多治見市金岡町3-4-3,35.3465117,137.1176371
近藤 美由紀,kondoumiyuki@example.net,079-396-2600,6613164,兵庫県神戸市東灘区北青木4-3-9,34.7160678,135.2790052
宮崎 厚子,miyazaki_atsuko@example.jp,0568-81-3958,4633527,愛知県尾張旭市狩宿町1-3-5パークハイム405,35.2123623,137.058028
五十嵐 正樹,masakiigarashi@example.com,03-3162-1414,1012215,東京都中央区月島1-1-14,35.6666457,139.7819925
岩田 隆広,takahiroiwata@example.com,03-2025-3432,1750217,東京都渋谷区恵比寿3-2-1208,35.645288,139.7173868
鈴木 智子,suzukitomoko@example.org,0154-61-2199,0903650,北海道旭川市川端町二条3-5-13,43.7835515,142.3516365
亀井 明日香,asuka_kamei@example.ne.jp,0436-11-7133,2636960,千葉県千葉市若葉区西都賀1-2-8,35.633588,140.1451331
宍倉 智,shishikura_119@example.com,03-4185-0254,1707775,東京都墨田区江東橋2-3-9,35.6934582,139.8117888
北澤 奈緒美,naomikitazawa@example.jp,03-7462-2709,1692835,東京都三鷹市井の頭1-4-13,35.6886229,139.5911937
今野 仁美,konno929@example.ne.jp,06-2924-6009,5853604,大阪府大阪市中央区南船場2-1-7,34.6777529,135.5058234
真栄城 秀一,maeshiro_610@example.jp,03-9791-8580,1691385,東京都江戸川区西一之江3-4-3,35.6971394,139.8770758
辻井 敦,atsushi_tsujii@example.ne.jp,0229-10-7050,9824815,宮城県仙台市泉区長命ケ丘2-3-3,38.3163921,140.8404785
渡辺 彩華,watanabe_ayaka@example.jp,0569-68-6859,4980586,愛知県名古屋市中区大須3-1-6グランアッシュ708,34.6697588,135.4697067
神山 昌文,kamiyama_37@example.co.jp,0167-65-8653,0740686,北海道旭川市永山一条2-1-10,43.7890123,142.395259
神吉 聡子,kanki_106@example.co.jp,03-6831-0117,1536579,東京都千代田区九段南4-2-9,35.6910909,139.7395194
吉長 正文,yoshinaga_213@example.com,046-146-5793,2268675,神奈川県横浜市磯子区森3-3-11,35.394488,139.6147696
牧野 浩二,makino817@example.ne.jp,025-836-0009,9549538,新潟県新潟市東区物見山3-2-7アムール111,37.9419971,139.0970137
山本 義崇,yamamoto17@example.ne.jp,0467-17-4526,2227389,神奈川県横浜市磯子区洋光台1-3-18,35.3846533,139.5970868
菊谷 伸一,kikuya_shinichi@example.net,03-9625-8945,1022836,東京都江戸川区東小松川2-3-6ハローマンション808,35.6985403,139.8674135
吉井 洋介,yousukeyoshii@example.ne.jp,0949-06-1791,8074690,福岡県福岡市博多区板付2-3-16,33.5679879,130.452165
田中 夏希,tanaka_48@example.co.jp,03-6558-3941,2024852,東京都練馬区早宮3-2-808プレジデント710,35.7468545,139.6509248
小林 彰,kobayashiakira@example.ne.jp,0463-84-5579,2356931,神奈川県川崎市川崎区浅田1-2-3エクセラージュ512,35.5232266,139.7070623
吉川 静,yoshikawa_121@example.jp,03-3565-6207,1761663,東京都千代田区麹町3-1-4,35.6837672,139.7396759
高山 祐樹,takayama_420@example.co.jp,06-3460-4902,5587139,大阪府大阪市中央区上本町西1-2-10,34.6757456,135.5194512
篠原 理絵,rieshinohara@example.jp,03-6075-4642,1155609,東京都府中市白糸台3-1-10,35.6666669,139.5172852
及川 ちえ,oikawachie@example.ne.jp,03-4088-4170,1833462,東京都府中市西原町2-5-7,35.6813605,139.4571465
市川 貴子,ichikawa_takako@example.com,0436-53-6927,2840263,千葉県佐倉市ユーカリが丘1-4-9,35.733485,140.1581643
戸辺 亜沙美,tobeasami@example.com,03-4802-3741,1192021,東京都江東区豊洲2-1-3,35.6565551,139.7936475
伊藤 祐一,yuuichiito@example.com,06-8185-3572,5684479,大阪府大阪市中央区伏見町3-3-10ジオ107,34.6890472,135.503378
前川 裕康,hiroyasu_maekawa@example.com,03-4641-5909,1329041,東京都港区新橋3-3-6,35.6657264,139.7543132
細野 あづさ,hosonoazusa@example.co.jp,0799-36-5164,6584057,兵庫県神戸市兵庫区芦原通2-2-19,34.6631485,135.1680197
近藤 清和,kiyokazukondou@example.jp,03-2968-8830,1674551,東京都板橋区小豆沢3-1-3クレアシティ301,35.7579993,139.7095679
関野 速人,sekino318@example.net,06-0924-8628,5499322,大阪府八尾市青山町2-3-8,34.6246161,135.6106013
岩井 隆正,iwai_34@example.ne.jp,0768-50-6906,9248997,石川県野々市市本町2-4-16,36.5329965,136.6204064
西野 美奈,minanishino@example.ne.jp,06-8278-9151,5679223,大阪府大阪市淀川区西中島1-2-6,34.7242121,135.502417
山本 啓介,yamamoto_keisuke@example.com,06-3592-3921,5432010,大阪府大阪市港区市岡4-1-9,34.6612705,135.462949
深井 民生,fukai417@example.org,0480-51-5713,3377865,埼玉県さいたま市浦和区上木崎2-3-22,35.8874273,139.6400884
筒井 勇次,yuujitsutsui@example.co.jp,0594-34-4206,5163942,三重県四日市市日永2-1-14,34.9520705,136.6091597
伊藤 昌弘,masahiro_ito@example.ne.jp,0295-96-3555,3185481,茨城県古河市東1-1-7ハーティネス811,36.1999761,139.7095789
吉川 彰,yoshikawaakira@example.net,03-2738-5538,1710929,東京都墨田区両国3-5-805,35.6926536,139.7943667
津山 香織,kaori_tsuyama@example.jp,06-2680-8437,5387523,大阪府大阪市北区西天満1-1-7,34.69328,135.5086395
冨田 恵子,tomitakeiko@example.org,03-1485-6674,2051523,東京都世田谷区野沢3-4-5,35.6288964,139.6743741
小田原 宏,hiroshiodawara@example.net,03-8611-4549,2027411,東京都北区田端4-2-6,35.7361175,139.7518217
酒井 祐輔,yuusuke_sakai@example.org,045-030-2420,2198374,神奈川県大和市南林間1-1-9,35.4935107,139.4489041
阪井 京子,sakaikyouko@example.co.jp,03-6901-7068,1494863,東京都大田区西糀谷3-1-9,35.556977,139.7346467
今井 真由美,mayumiimai@example.org,0467-19-7216,2582472,神奈川県茅ヶ崎市浜竹4-3-9,35.3301211,139.4421883
山田 元,hajimeyamada@example.net,0467-61-0606,2106775,神奈川県横浜市緑区中山2-1-5,35.5163989,139.5437519
松本 勇,matsumoto817@example.net,03-7979-2116,1528251,東京都品川区上大崎2-2-704,35.6412408,139.7174466
植田 圭子,keikoueda@example.jp,03-1732-7697,1574852,東京都品川区南品川1-1-6,35.6153871,139.7414123
芝田 圭佑,keisuke_shibata@example.net,0144-94-8513,0067782,北海道苫小牧市元中野町2-5-9コーポラス812,42.6370409,141.6158444
久我 誠司,seijikuga@example.com,0575-33-5707,5049799,岐阜県羽島郡岐南町徳田西1-5-22,35.3874357,136.7702204
室谷 優,murotani_424@example.co.jp,03-6516-0828,1974047,東京都台東区台東3-2-5ディナスティ208,35.7055304,139.7780602
前野 葉月,maeno921@example.co.jp,06-8202-5281,5717558,大阪府八尾市南亀井町3-4-15,34.6156382,135.5798349
野島 和久,nojimakazuhisa@example.net,03-1720-4994,1827658,東京都品川区東大井1-2-9,35.6057324,139.7430689
和田 博文,hirofumiwada@example.org,078-492-4906,6576011,兵庫県姫路市新在家本町2-5-509,34.8518544,134.6888063
田原 紀明,tahara926@example.co.jp,045-749-6576,2414126,神奈川県川崎市多摩区三田2-3-9プラウドタワー810,35.6103818,139.5441037
徳光 裕,hiroshitokumitsu@example.co.jp,0531-26-6399,4771037,愛知県春日井市東山町3-3-4,35.2811207,136.9993965
下條 洋樹,shimojouhiroki@example.jp,06-5799-1697,5787560,大阪府豊中市岡上の町1-3-9ミラージュパレス111,34.78464764,135.464544
松野 優,matsunoyuu@example.co.jp,0576-80-8107,5022892,岐阜県多治見市下沢町1-1-8,35.328669,137.1487014
田中 勉,tanakatsutomu@example.co.jp,06-8085-0731,5382996,大阪府大阪市平野区平野東2-2-4,34.6228102,135.5565888
安齋 優子,anzai_yuuko@example.net,03-2205-3267,1506556,東京都世田谷区玉川1-1-6,35.6075801,139.63186
西村 洋介,yousukenishimura@example.ne.jp,0943-20-4896,8369559,福岡県糟屋郡粕屋町長者原東2-1-9,33.615838,130.4782047
宮崎 あゆみ,miyazaki_117@example.com,06-0246-7952,5667952,大阪府大阪市淀川区西中島1-1-3,34.7220075,135.5030983
浦山 香里,kaori_urayama@example.ne.jp,03-6968-6485,1474334,東京都台東区浅草3-3-22,35.7162376,139.7977229
矢野 教子,yano36@example.com,03-1269-4523,1678339,東京都渋谷区本町3-1-17,35.6867113,139.6848361
本多 留美子,rumikohonda@example.ne.jp,03-7564-5056,1856625,東京都港区六本木1-2-8カサベラ813,35.6648748,139.7394724
片柳 涼,ryou_katayanagi@example.org,098-501-1914,9096758,沖縄県浦添市城間1-2-10,26.2534728,127.7102485
小野 博美,ono_hiromi@example.co.jp,0256-78-0912,9582744,新潟県妙高市白山町3-1-8,37.0234221,138.2407036
押見 哲也,tetsuya_oshimi@example.ne.jp,03-4161-1348,1698675,東京都豊島区池袋2-1-8プラネスーペリア512,35.7854537,139.632037
中山 秀樹,hideki_nakayama@example.jp,06-2860-8237,5496391,大阪府大阪市住之江区新北島3-5-809,34.6069867,135.4696735
古野 美加,mikafuruno@example.org,0223-76-6604,9893425,宮城県仙台市泉区桂3-2-3,38.3381499,140.8635339
福岡 享,toorufukuoka@example.co.jp,0136-09-0000,0920731,北海道札幌市北区北三十二条西1-1-902,43.0984612,141.3379164
加藤 光,kato_77@example.ne.jp,03-3645-0778,1431684,東京都台東区台東3-1-7ローレルスクエア516,35.1284315,136.9605848
高砂 浩充,takasago_hiromitsu@example.com,0566-56-7485,4549697,愛知県名古屋市中区栄2-1-22グランステイツ315,35.2010557,136.932131
古賀 恭史,yasushikoga@example.ne.jp,053-576-8556,4268178,静岡県静岡市駿河区広野2-2-7,34.9342621,138.3668571
多田 徹,tooru_tada@example.jp,03-8649-8967,1095986,東京都台東区蔵前3-3-4,35.7037221,139.7904314
櫻井 和弥,sakuraikazuya@example.co.jp,03-8631-5615,1249677,東京都江戸川区北葛西3-3-7,35.672676,139.8585062
高石 加奈,takaishi_618@example.net,0259-37-6196,9436820,新潟県新発田市中央町3-1-8,37.9477746,139.3279042
斉藤 美穂,saito423@example.org,03-5448-6750,1712671,東京都江戸川区中央3-2-17,35.7115962,139.8707319
辻 尚平,tsuji_830@example.jp,03-1762-3056,1756297,東京都中野区本町3-4-509,35.6934709,139.6752658
村上 剛,tsuyoshimurakami@example.ne.jp,042-323-1898,3499190,埼玉県戸田市美女木4-2-6,35.823987,139.6475606
川田 美波,kawata421@example.net,06-5794-2655,5998212,大阪府大阪市淀川区西中島1-2-9,34.7243227,135.5025293
加茂 慧,kamo_720@example.co.jp,043-084-2881,2932823,千葉県柏市つくしが丘3-1-3,35.8368961,139.9660326
大滝 弥生,yayoiotaki@example.net,0466-62-8889,2428978,神奈川県小田原市東町2-3-3,35.2564725,139.1731526
村田 めぐみ,murata87@example.net,04-9192-4241,2766052,千葉県船橋市前原西3-2-6,35.6961173,140.0163391
田中 稔,tanakaminoru@example.org,0163-96-2518,0833863,北海道札幌市中央区南六条西1-5-909,43.053734,141.3584462
村上 ひかり,hikarimurakami@example.net,03-2425-9200,2096459,東京都中央区日本橋本石町2-4-5,35.6866315,139.7712782
斉藤 敬史,keishisaito@example.org,03-7595-2795,1331671,東京都足立区千住1-2-9,35.7471356,139.7993212
村井 大樹,taikimurai@example.com,03-4233-5581,1935044,東京都葛飾区東立石2-3-8ジ・アーバネックス613,35.7337796,139.8445491
山本 健司,yamamoto_kenji@example.jp,03-6096-1823,2014681,東京都墨田区江東橋1-1-3,35.693179,139.8093211
松村 晃,matsumura_akira@example.org,03-4210-1152,2019668,東京都大田区下丸子3-1-16,35.5713825,139.6868301
田中 浩行,tanakahiroyuki@example.jp,0172-50-2160,0377958,青森県三沢市中央町2-4-1105,40.6840339,141.3652576
藤橋 智美,fujihashitomomi@example.jp,0799-36-6107,6740170,兵庫県伊丹市西台1-3-6,34.7803448,135.4123766
秀島 哲也,hideshimatetsuya@example.com,03-7423-2330,1133549,東京都大田区田園調布1-3-13,35.5889629,139.6757443
鈴木 一,kazu_suzuki@example.jp,0940-05-7092,8336746,福岡県福岡市東区千早1-2-909マンハイム315,33.6469405,130.4292239
和泉 貴浩,izumi_takahiro@example.jp,0460-77-2037,2505891,神奈川県横浜市中区麦田町3-4-19,35.4326476,139.6482381
松下 亮,ryoumatsushita@example.net,082-964-0597,7217352,広島県広島市安佐南区伴中央1-4-7,34.4619641,132.4084918
林 拓哉,hayashi_takuya@example.jp,0947-43-4621,8061219,福岡県福岡市博多区千代1-2-18,33.6024994,130.4196028
山口 啓介,keisuke_yamaguchi@example.org,03-1625-1909,1481345,東京都中野区弥生町1-1-9,35.6922985,139.6834005
佐藤 広美,sato_hiromi@example.co.jp,03-8907-1045,1658495,東京都西東京市南町2-5-14,35.7246108,139.5471735
大野 由実,ono_yumi@example.jp,06-5235-2565,5584060,大阪府大阪市天王寺区上汐2-2-20,34.6677043,135.5176831
波多野 麻依,hatano_326@example.co.jp,06-7748-6095,5860225,大阪府大阪市港区築港2-4-8,34.6516118,135.433772
濱田 博子,hamada_hiroko@example.org,03-0766-3825,1109087,東京都中央区銀座3-3-202,35.673214,139.7653677
寺島 達也,tatsuya_terashima@example.net,0564-03-7074,4799675,愛知県春日井市高森台1-1-4,35.2881054,137.043156
仁木 友美,niki221@example.net,03-6336-5396,1854396,東京都江戸川区平井1-2-609アメニティ416,35.7052859,139.8454878
野澤 隆,takashi_nozawa@example.com,01466-0-3649,0559239,北海道江別市三条2-1-4,43.1136133,141.5588443
大矢 直也,naoyaoya@example.net,03-8910-3496,1795435,東京都中央区八丁堀1-1-4サンシティ209,35.6616089,139.7789786
宮田 光弘,miyatamitsuhiro@example.com,0225-87-4383,9856829,宮城県仙台市宮城野区扇町4-1-7,38.2650689,140.9483521
三原 弘毅,miharakoki@example.net,03-4183-9602,1273819,東京都町田市原町田1-5-11,35.5396202,139.4466799
谷岡 千明,taniokachiaki@example.com,06-5379-0278,5942060,大阪府寝屋川市三井が丘2-4-17,34.7702279,135.6449388
稲冨 有香里,yukariinatomi@example.org,03-0584-1361,1974738,東京都大田区蒲田3-3-10,35.5640121,139.7225747
衣川 春菜,kinugawa_630@example.com,0568-98-9463,4955993,愛知県名古屋市中川区清船町2-3-22,35.137251,136.8752559
田代 正太郎,tashiro_34@example.org,0539-82-3893,4348001,静岡県静岡市葵区沓谷1-1-6,34.9882226,138.3983508
田島 信明,tajima_214@example.jp,03-6086-7360,1164114,東京都文京区千石3-2-4,35.7241474,139.7370914
遠藤 義樹,endou_yoshiki@example.jp,0467-30-1774,2500712,神奈川県横浜市南区山王町2-1-4ロイヤルシャトー408,35.422958,139.598174
島田 未来,shimada919@example.net,078-118-2626,6606324,兵庫県姫路市広畑区東夢前台1-2-5,34.8612953,134.6584114
佐竹 吉伸,satake_yoshinobu@example.org,03-8604-8258,1575141,東京都町田市原町田1-5-11,35.5396202,139.4466799
清水 まどか,shimizu_madoka@example.com,0439-42-9511,2807118,千葉県浦安市猫実1-2-15,35.6549487,139.9017778
菊地 正吾,kikuchishougo@example.co.jp,06-0689-6336,5808373,大阪府枚方市香里ケ丘3-1-8,34.7929587,135.6589819
松井 綾,matsui912@example.jp,06-4101-4964,5734796,大阪府堺市美原区木材通2-5-12,34.5189059,135.5765101
辻本 亜由美,tsujimoto_522@example.net,03-6183-7346,1621018,東京都小平市花小金井1-1-6,35.7270905,139.5118528
小堀 マリ,kobori_124@example.jp,03-9840-1240,1785824,東京都大田区大森西1-5-5,35.5790666,139.7259562
伊藤 沙恵,saeito@example.ne.jp,0944-28-1947,8609574,熊本県熊本市北区大窪1-4-12,32.8447378,130.7101533
岩崎 裕佑,iwasaki_yuusuke@example.net,03-5956-6977,1630686,東京都豊島区巣鴨1-1-5,35.7326516,139.7423101
藤森 美和子,miwako_fujimori@example.ne.jp,0565-62-4309,4720997,愛知県名古屋市港区東茶屋2-2-6,35.106107,136.8307329
河尻 美華子,mikako_kawajiri@example.co.jp,06-2697-2618,5441922,大阪府大阪狭山市茱萸木2-2-3,34.4921213,135.5502574
山崎 奈津子,yamazaki_116@example.com,03-4721-9901,2000400,東京都新宿区西新宿3-4-9アールヴェール105,35.6988003,139.7179744
足立 勝也,adachi1222@example.ne.jp,0467-03-0260,2282270,神奈川県海老名市杉久保北2-5-15,35.4271088,139.3948313
安井 真美,yasui_417@example.jp,0823-53-1365,7280338,広島県広島市中区大手町2-4-5,34.3930618,132.455193
竹内 真樹子,takeuchi928@example.org,03-4293-1880,1953222,東京都港区芝浦3-2-203,35.6443937,139.7500351
鏡味 将基,kagami1220@example.co.jp,03-1095-4203,1906725,東京都中央区築地1-4-1202,35.6698759,139.772077
長谷川 宗男,hasegawa_muneo@example.net,03-0975-5693,1406615,東京都西東京市南町3-4-7,35.7266631,139.5421606
小池 裕一,koike_yuuichi@example.com,078-863-6286,6527198,兵庫県神戸市兵庫区石井町4-2-5,34.6883292,135.1608086
大内 麻佑子,ouchi_41@example.jp,03-9631-4332,1413529,東京都杉並区高円寺南1-5-21,35.6995323,139.6600961
石川 和寿,ishikawa_1025@example.com,0796-94-9331,6579876,兵庫県神戸市東灘区森北町2-5-4グレーシィ510,34.7306031,135.28882
清水 マリ,shimizu_mari@example.ne.jp,0598-35-4334,5153626,三重県鈴鹿市算所2-1-21,34.8740658,136.5453021
村田 匠,muratatakumi@example.net,0465-71-3711,2271073,神奈川県横浜市西区みなとみらい1-1-11,35.4604669,139.6362829
磯部 貴美子,isobekimiko@example.net,0467-84-6225,2279661,神奈川県川崎市麻生区白山3-1-8ブランシエラ216,35.59360003,139.5093248
元木 幸輝,koki_motoki@example.org,03-0628-3730,2028834,東京都墨田区東向島3-1-501,35.72429,139.8144266
山家 隆紀,yamaga519@example.com,0848-25-7776,7318356,広島県広島市安佐南区中筋1-5-804,34.4517571,132.4769074
伊藤 茜,ito_416@example.ne.jp,03-3731-5489,1206129,東京都国分寺市東元町2-3-9,35.6922639,139.4833114
渡辺 ひろみ,hiromi_watanabe@example.ne.jp,049-458-7912,3310671,埼玉県蕨市中央1-1-8,35.8276582,139.6894823
永田 毅彦,nagatatakehiko@example.jp,0258-98-4494,9536246,新潟県新潟市江南区曙町3-2-16,37.8605204,139.1246784
長谷川 裕樹,hasegawayuuki@example.co.jp,0460-61-2131,2237454,神奈川県横浜市神奈川区片倉1-5-4ファインフラッツ410,35.48330593,139.6023433
宮本 寛子,miyamotohiroko@example.org,03-3823-2883,1110297,東京都足立区保木間2-4-7,35.7940138,139.8033968
柏 彰洋,kashiwa_akihiro@example.jp,086-730-4901,7188199,岡山県倉敷市児島小川1-3-19ジオ116,34.4683545,133.8096657
高澤 明希,takazawa_aki@example.co.jp,03-2907-8394,1004478,東京都文京区小石川3-2-16,35.7116792,139.7457036
坪井 祐加子,tsuboi_63@example.net,03-9079-2000,1598997,東京都大田区田園調布2-3-706,35.5925761,139.6722356
小林 光,kobayashi1210@example.jp,0544-89-9390,4199966,静岡県静岡市葵区駒形通1-2-13,34.9706068,138.3787041
水江 稚子,wakakomizue@example.jp,03-9327-0733,1726174,東京都葛飾区東立石2-5-903,35.7327661,139.8452889
細井 優子,yuukohosoi@example.org,03-7239-2433,2035403,東京都杉並区高円寺北4-3-8,35.7053153,139.6427384
藤田 花恵,hanaefujita@example.net,06-6394-9422,5620756,大阪府大阪市中央区備後町2-5-4,34.6854182,135.5040557
小林 佑,kobayashiyuu@example.com,0744-26-0271,6384685,奈良県北葛城郡広陵町馬見北2-3-7,34.5503889,135.7311505
高橋 知子,takahashi_130@example.ne.jp,0997-73-5903,8914110,鹿児島県鹿児島市谷山中央4-3-5,31.5212076,130.5165296
金井 大輔,kanai106@example.jp,03-9882-6889,1201882,東京都江東区豊洲2-3-6サンコート416,35.6589016,139.7962641
藤野 梨奈,rinafujino@example.ne.jp,03-6101-6763,1275871,東京都港区赤坂3-3-704,35.6749921,139.7381391
青山 俊治,aoyama713@example.com,0439-14-9263,2821247,千葉県千葉市中央区中央1-5-6デュアル203,35.6102145,140.1172119
上野 麻里子,uenomariko@example.com,03-0380-9630,1573066,東京都昭島市朝日町1-1-1107ライオンズ506,35.7081356,139.3748941
野村 悠,nomura211@example.net,082-020-5799,7316154,広島県広島市西区楠木町1-1-707スカイハイツ201,34.408206,132.4547583
中西 佳織,nakanishi520@example.jp,06-1843-8304,5898226,大阪府豊中市長興寺南3-2-7,34.7752477,135.476224
山田 将和,masakazuyamada@example.ne.jp,03-1584-8576,1835899,東京都葛飾区水元4-1-5,35.7847762,139.860226
大橋 和恵,ohashi_1013@example.jp,0845-26-4790,7289365,広島県廿日市市佐方1-1-6ロイヤルメゾン401,34.3647702,132.3428679
上野 亮,ryou_ueno@example.net,0228-29-3778,9810708,宮城県仙台市青葉区一番町3-3-13,38.26,140.8713864
安原 信子,yasuhara_58@example.com,0865-53-9545,7039718,岡山県岡山市中区平井3-2-10,34.6364146,133.9496391
野口 香,noguchi_56@example.net,03-3822-9503,1094909,東京都中野区中野1-1-8,35.7013554,139.6802801
佐藤 奈緒美,sato_naomi@example.org,0779-13-2613,9131478,福井県鯖江市本町4-1-5,35.948125,136.1855951
泉 真之介,izumi711@example.net,08514-0-9845,6963558,島根県松江市浜乃木3-1-6,35.4440767,133.0483594
大坂 英樹,hideki_osaka@example.com,03-3816-9072,1838752,東京都杉並区宮前4-2-3ペルル216,35.6898359,139.6080645
天野 隆浩,amano821@example.net,01564-1-2492,0658049,北海道網走郡美幌町字大通北2-3-7,43.8249114,144.1041099
濱田 達也,hamada_1022@example.jp,0276-80-4562,3734542,群馬県安中市原市1-1-3,36.3182426,138.8583319
姫野 彩加,himeno_629@example.org,03-4094-6524,1603201,東京都大田区久が原3-3-404,35.5837674,139.6919351
岡 典子,norikooka@example.org,0463-50-8291,2527137,神奈川県横浜市磯子区中原1-1-21,35.391997,139.6157256
竹村 忠生,takemura_330@example.org,0947-33-8540,8393981,福岡県福岡市南区長丘3-1-7,33.5529553,130.3957578
岡本 賢治,okamotokenji@example.com,0889-59-0476,7895678,高知県高知市十津3-3-19パークスクエア106,33.5568526,133.5354328
間宮 麻衣,mamiya_916@example.org,03-4701-9805,1512016,東京都新宿区中落合1-4-508,35.7174361,139.6913767
三苫 真由子,mitomamayuko@example.net,0947-07-0493,8081189,福岡県糟屋郡志免町田富1-3-7,33.5794047,130.4928578
梅宮 翔太,umemiya_shouta@example.ne.jp,0997-88-4404,8983424,鹿児島県鹿児島市谷山中央4-3-5,31.5212076,130.5165296
佐々木 英二,sasaki1115@example.com,0562-16-8103,4565883,愛知県名古屋市西区又穂町2-1-13,35.2047364,136.898078
河本 理恵,riekawamoto@example.com,0790-68-7407,6590524,兵庫県神戸市長田区若松町2-3-6グランディア202,34.6573469,135.1478118
堀野 信,horino_shin@example.jp,03-1268-5491,1007725,東京都豊島区南池袋1-2-9,35.7235049,139.7111325
酒井 亮,ryou_sakai@example.jp,03-3083-7960,1073851,東京都新宿区西新宿3-4-13コボリマンション613,35.6858925,139.6924735
藤澤 雄一郎,yuuichirou_fujisawa@example.com,03-5825-0286,1723031,東京都港区赤坂2-2-3ネオディ811,35.6787075,139.7237078
柳田 陽子,yanagida221@example.org,06-5346-3429,5667327,大阪府吹田市千里山東3-4-5,34.7751057,135.5116424
斎藤 智彦,tomohikosaito@example.org,06-5275-2885,5851127,大阪府大阪市生野区田島1-3-13,34.6519189,135.5411995
三谷 美波,minami_mitani@example.net,03-1071-6321,1388232,東京都港区赤坂1-4-15,35.6702375,139.7438773
高橋 久美,kumitakahashi@example.net,03-3739-0455,1299869,東京都渋谷区広尾4-1-6,35.6553141,139.7216122
大西 佳子,onishi_yoshiko@example.jp,0947-46-5697,8312053,福岡県福岡市早良区南庄3-1-6,33.5733201,130.3380503
川越 洋子,kawagoe516@example.org,03-5679-8807,1733806,東京都渋谷区恵比寿2-3-18,35.6479878,139.7183045
吉崎 真輝,yoshizaki611@example.co.jp,0940-50-5544,8017000,福岡県福岡市博多区博多駅前4-3-4,33.5862491,130.4170079
坂本 麻衣子,sakamoto_830@example.com,0564-98-1139,4813925,愛知県春日井市上条町3-4-14,35.2417906,136.9884056
竹内 杏,takeuchi312@example.net,03-9537-5266,1039287,東京都新宿区四谷1-3-12,35.6878852,139.728543
二見 寿幸,futamitoshiyuki@example.ne.jp,08396-9-8225,7566833,山口県宇部市亀浦2-5-12,33.9411111,131.2863475
関 淳,seki_14@example.co.jp,06-4223-1841,5977416,大阪府大阪市西区南堀江1-2-10,34.6714339,135.4967649
山口 真由美,yamaguchi_mayumi@example.org,0475-65-9740,2734661,千葉県市川市妙典3-4-4,35.6944933,139.9227547
高木 正志,takagi_820@example.org,03-9063-6803,1559394,東京都足立区伊興4-2-5,35.7960626,139.7863666
谷 彩花,tani_ayaka@example.org,03-7817-5753,1059443,東京都江戸川区西一之江3-1-3,35.6940229,139.8744668
園田 美香,mikasonoda@example.jp,0798-43-2356,6633898,兵庫県神戸市垂水区北舞子2-5-5ハイム304,34.6409169,135.0436783
古川 麻子,furukawa_asako@example.ne.jp,03-2736-8638,1627752,東京都新宿区北新宿3-5-1002,35.7031802,139.6935305
川添 剛史,takeshikawazoe@example.org,06-0529-4953,5999689,大阪府大阪市生野区林寺4-3-8ヴィラ803,34.6411144,135.5359757
中村 弘和,nakamura_97@example.com,0587-59-7219,4928623,愛知県名古屋市北区安井2-1-7パレステージ815,36.1049315,139.4504428
小山内 葉子,osanai_327@example.com,0295-00-5461,3102846,茨城県北相馬郡利根町もえぎ野台1-3-8サンライフ405,35.8772495,140.1596717
桑原 みどり,kuwabaramidori@example.jp,086-251-1947,7039518,岡山県岡山市北区青江2-3-11,34.633857,133.9231847
畑野 隆雄,hatano_takao@example.jp,06-0733-5524,5716978,大阪府大阪市天王寺区大道3-1-7ジェイグラン416,34.6584887,135.5247926
川井 一貴,kawai_619@example.ne.jp,0237-83-6204,9940703,山形県酒田市東泉町3-1-1106,38.9310315,139.8488088
吉 しのぶ,shinobuyoshi@example.jp,03-0819-3741,1183280,東京都世田谷区鎌田2-2-9,35.6169005,139.6118221
児玉 聡子,satokokodama@example.org,048-253-5422,3370431,埼玉県越谷市赤山町2-2-3,35.8859323,139.7836178
菅野 里美,kanno_satomi@example.ne.jp,058-141-2107,5075009,岐阜県岐阜市茜部菱野1-4-20,35.3876461,136.7511741
吉野 渉,wataruyoshino@example.org,0478-49-2738,2751846,千葉県市川市北方町2-5-901,35.7344143,139.9533524
鈴木 さなえ,suzuki128@example.org,03-2851-3370,1673899,東京都八王子市南大沢1-1-8,35.6216348,139.3854272
関口 翔太,sekiguchishouta@example.jp,058-899-4552,5077637,岐阜県各務原市蘇原清住町1-2-12,35.4255642,136.8741386
中村 史織,shiorinakamura@example.jp,03-4552-1095,1223126,東京都練馬区関町北3-4-806,35.7232175,139.5667516
石田 将樹,ishidamasaki@example.com,03-1105-9229,1551712,東京都練馬区関町北1-4-904ディアステージ207,35.728311,139.57625
坂井 万喜子,makikosakai@example.com,0982-91-2853,8800219,宮崎県延岡市緑ケ丘3-2-21,32.5537113,131.6805831
田代 智恵,tashiro429@example.com,0798-85-3955,6749528,兵庫県神戸市灘区青谷町2-3-8,34.7131388,135.213103
松森 望,matsumori_614@example.net,03-3902-9930,1781294,東京都豊島区池袋本町3-1-4,35.7417736,139.7121898
青山 絵理香,aoyamaerika@example.com,0796-00-2111,6710349,兵庫県神戸市中央区八幡通2-3-19,34.691483,135.1994728
西田 英和,nishidahidekazu@example.co.jp,06-5462-5210,5391238,大阪府東大阪市善根寺町1-2-20,34.6999436,135.6489188
安原 恵美,emi_yasuhara@example.ne.jp,03-9721-1808,1091793,東京都台東区台東1-4-17,35.7006485,139.7788669
藤田 真由,fujita_217@example.jp,0478-60-0205,2633462,千葉県柏市北柏1-4-1208,35.874757,139.9863706
高倉 智子,tomoko_takakura@example.net,03-7057-9393,1807500,東京都港区三田1-5-4,35.6535103,139.7403583
佐藤 由佳,satoyuka@example.co.jp,01377-3-3389,0520465,北海道小樽市稲穂2-5-7グレイスロワ711,43.1978485,140.9985934
小田 伸太郎,oda1119@example.com,0493-74-6826,3367827,埼玉県川口市戸塚東4-1-3,35.8756187,139.755465
盛岡 英雄,morioka1027@example.net,03-9070-1814,1131745,東京都葛飾区小菅4-2-10,35.7566626,139.8243392
岡本 美津子,okamoto1027@example.co.jp,0898-17-4604,7950022,愛媛県今治市馬越町1-4-15,34.0563106,132.9834954
佐藤 恒,hisashisato@example.co.jp,06-8926-0965,5383121,大阪府大阪市平野区平野東2-2-4,34.6228102,135.5565888
溝渕 涼,mizobuchi_214@example.net,03-2775-7152,1558878,東京都中央区八丁堀3-4-14,35.6754835,139.7740739
吉井 貴仁,yoshii_131@example.ne.jp,0531-88-7487,4419274,愛知県名古屋市港区藤前4-1-6,35.0887343,136.8295219
白井 猛,moushirai@example.net,01658-7-4574,0494647,北海道札幌市南区石山二条1-1-21,42.9634323,141.3267169
小松 尚幸,komatsunaoyuki@example.co.jp,0460-31-9430,2442616,神奈川県横浜市南区中島町1-2-20,35.4294253,139.6073413
竹内 弘樹,takeuchi127@example.co.jp,0467-53-4963,2250715,神奈川県横浜市鶴見区矢向3-1-4,35.5312555,139.6805675
坂内 光子,bannai_43@example.co.jp,03-9886-3721,1499246,東京都世田谷区南烏山4-3-9,35.6700001,139.6044739
濱田 幸治,koji_hamada@example.net,01456-4-2285,0458355,北海道札幌市白石区菊水一条3-2-5,43.0556575,141.3723575
大西 麻未,onishi_mami@example.ne.jp,03-5579-9958,1142265,東京都練馬区大泉町3-1-904,35.7635258,139.601268
阿部 雄一郎,abe_yuuichirou@example.ne.jp,0467-24-8332,2191588,神奈川県綾瀬市吉岡東4-1-5,35.4245209,139.4289789
長谷川 寿和,toshikazuhasegawa@example.net,0967-71-6046,8680711,熊本県熊本市中央区国府2-1-6,32.7894306,130.7253223
石井 ふみ,ishii59@example.ne.jp,0224-40-2104,9809124,宮城県仙台市宮城野区榴岡3-4-102,38.2613608,140.8871366
下村 晃平,shimomura_kohei@example.org,0834-08-4152,7562043,山口県下関市大学町3-5-22,33.9900074,130.934467
三輪 隆二,ryuuji_miwa@example.ne.jp,03-5546-0877,1021939,東京都三鷹市上連雀1-3-1108サニーハウス806,35.692343,139.5345766
中村 太郎,nakamura_815@example.com,03-3381-1676,1049914,東京都江東区亀戸2-3-9,35.6984851,139.8213013
杉山 太郎,sugiyamatarou@example.com,0134-18-8251,0682354,北海道小樽市新光1-2-7,43.1774537,141.0529405
岡林 恭太,okabayashikyouta@example.jp,03-5807-6828,1905597,東京都渋谷区代々木2-3-7,35.6871136,139.6990349
近藤 篤,kondou_913@example.jp,01466-8-6916,0721132,北海道札幌市西区福井3-5-18,43.0561414,141.2723984
渡辺 明男,watanabe1212@example.com,0494-36-3877,3492211,埼玉県川口市上青木西2-3-306,35.8245402,139.7145937
菅原 勇太,yuuta_sugawara@example.org,03-5307-0469,1460978,東京都足立区竹の塚3-1-8ゾフィー807,35.791627,139.7994137
金田 洋輔,yousukekaneda@example.net,0798-84-6926,6634643,兵庫県尼崎市潮江1-3-13イニシア507,34.7511731,135.4285459
村上 尚大,murakami_naohiro@example.net,06-3642-9701,5481034,大阪府大阪市阿倍野区昭和町3-1-3,34.628985,135.5172411
稲垣 麻衣子,inagaki215@example.ne.jp,0480-04-7342,3617622,埼玉県川越市豊田本2-4-17,35.9107212,139.4589835
佐藤 友也,yuuya_sato@example.com,0771-35-1489,6107552,京都府京都市東山区大和大路通四条下る3-5-4,35.0010183,135.7724497
橋 陽平,hashi_331@example.org,0946-75-1167,8028933,福岡県春日市宝町2-3-19,33.5350759,130.4621358
鈴木 進,suzuki_924@example.jp,06-3159-9824,5644732,大阪府東大阪市高井田西3-4-18,34.6733742,135.5645618
斎藤 一,saito_kazu@example.jp,03-5816-2884,2098214,東京都品川区大井1-3-3,35.6072745,139.7340679
津島 晃宏,tsushimaakihiro@example.net,0883-23-4107,7763222,徳島県徳島市津田本町3-2-602パインフィールド410,34.04812319,134.5779238
服部 美咲,misakihattori@example.org,03-5084-9945,1254171,東京都中央区八丁堀4-1-4,35.6742721,139.7729756
大塚 貴美子,otsuka213@example.co.jp,03-2475-6129,1454407,東京都世田谷区船橋2-3-6,35.6493205,139.6178367
横塚 美幸,yokotsuka1127@example.co.jp,0466-37-0752,2401497,神奈川県川崎市高津区二子3-3-18,35.6053489,139.6222187